[{"model": "portfolio.icon", "pk": 1, "fields": {"name": "Html5", "svg_file": "uploads/icons/html5-fill.svg"}}, {"model": "portfolio.icon", "pk": 2, "fields": {"name": "Css3", "svg_file": "uploads/icons/css3-fill.svg"}}, {"model": "portfolio.icon", "pk": 3, "fields": {"name": "Bootstrap", "svg_file": "uploads/icons/bootstrap-fill.svg"}}, {"model": "portfolio.icon", "pk": 4, "fields": {"name": "Django", "svg_file": "uploads/icons/django-fill.svg"}}, {"model": "portfolio.icon", "pk": 5, "fields": {"name": "Figma", "svg_file": "uploads/icons/figma-fill.svg"}}, {"model": "portfolio.icon", "pk": 6, "fields": {"name": "Git", "svg_file": "uploads/icons/git-fill.svg"}}, {"model": "portfolio.icon", "pk": 7, "fields": {"name": "Javascript", "svg_file": "uploads/icons/javascript-fill.svg"}}, {"model": "portfolio.icon", "pk": 8, "fields": {"name": "Kotlin", "svg_file": "uploads/icons/Kotlin-fill.svg"}}, {"model": "portfolio.icon", "pk": 9, "fields": {"name": "MariaDB", "svg_file": "uploads/icons/mariadb-fill.svg"}}, {"model": "portfolio.icon", "pk": 10, "fields": {"name": "MySQL", "svg_file": "uploads/icons/mysql-fill.svg"}}, {"model": "portfolio.icon", "pk": 11, "fields": {"name": "Npm", "svg_file": "uploads/icons/npmjs-fill.svg"}}, {"model": "portfolio.icon", "pk": 12, "fields": {"name": "Php", "svg_file": "uploads/icons/php-fill.svg"}}, {"model": "portfolio.icon", "pk": 13, "fields": {"name": "PostgreSQL", "svg_file": "uploads/icons/postgresql-fill.svg"}}, {"model": "portfolio.icon", "pk": 14, "fields": {"name": "Python", "svg_file": "uploads/icons/python-fill.svg"}}, {"model": "portfolio.icon", "pk": 15, "fields": {"name": "Sass", "svg_file": "uploads/icons/Sass-fill.svg"}}, {"model": "portfolio.icon", "pk": 16, "fields": {"name": "Swift", "svg_file": "uploads/icons/Swift-fill.svg"}}, {"model": "portfolio.icon", "pk": 17, "fields": {"name": "TailwindCSS", "svg_file": "uploads/icons/tailwindcss-fill.svg"}}, {"model": "portfolio.icon", "pk": 18, "fields": {"name": "Wordpress", "svg_file": "uploads/icons/wordpress-fill.svg"}}, {"model": "portfolio.icon", "pk": 20, "fields": {"name": "GitHub", "svg_file": "uploads/icons/github-fill.svg"}}, {"model": "portfolio.icon", "pk": 21, "fields": {"name": "LinkedIn", "svg_file": "uploads/icons/linkedin-fill.svg"}}, {"model": "portfolio.icon", "pk": 22, "fields": {"name": "Email", "svg_file": "uploads/icons/mail-fill.svg"}}, {"model": "portfolio.icon", "pk": 23, "fields": {"name": "GitLab", "svg_file": "uploads/icons/gitlab-fill.svg"}}, {"model": "portfolio.icon", "pk": 24, "fields": {"name": "Sql", "svg_file": "uploads/icons/sql-fill.svg"}}, {"model": "portfolio.icon", "pk": 25, "fields": {"name": "Phpstorm", "svg_file": "uploads/icons/phpstorm-fill.svg"}}, {"model": "portfolio.icon", "pk": 26, "fields": {"name": "Pycharm", "svg_file": "uploads/icons/pycharm-fill.svg"}}, {"model": "portfolio.icon", "pk": 27, "fields": {"name": "Vscode", "svg_file": "uploads/icons/vscode-fill.svg"}}, {"model": "portfolio.icon", "pk": 28, "fields": {"name": "Xcode", "svg_file": "uploads/icons/xcode-fill.svg"}}, {"model": "portfolio.icon", "pk": 29, "fields": {"name": "Android studio", "svg_file": "uploads/icons/android-studio-fill.svg"}}, {"model": "portfolio.icon", "pk": 30, "fields": {"name": "Apple", "svg_file": "uploads/icons/apple-fill.svg"}}, {"model": "portfolio.icon", "pk": 31, "fields": {"name": "Linux", "svg_file": "uploads/icons/linux-fill.svg"}}, {"model": "portfolio.icon", "pk": 32, "fields": {"name": "Nodejs", "svg_file": "uploads/icons/nodejs-fill.svg"}}, {"model": "portfolio.icon", "pk": 33, "fields": {"name": "React", "svg_file": "uploads/icons/reactjs-fill.svg"}}, {"model": "portfolio.icon", "pk": 34, "fields": {"name": "Trello", "svg_file": "uploads/icons/trello-fill.svg"}}, {"model": "portfolio.skill", "pk": 1, "fields": {"name": "HTML", "icon": 1, "order": 1}}, {"model": "portfolio.skill", "pk": 2, "fields": {"name": "CSS", "icon": 2, "order": 2}}, {"model": "portfolio.skill", "pk": 3, "fields": {"name": "Sass", "icon": 15, "order": 32}}, {"model": "portfolio.skill", "pk": 4, "fields": {"name": "Javascript", "icon": 7, "order": 3}}, {"model": "portfolio.skill", "pk": 5, "fields": {"name": "PHP", "icon": 12, "order": 5}}, {"model": "portfolio.skill", "pk": 6, "fields": {"name": "Python", "icon": 14, "order": 4}}, {"model": "portfolio.skill", "pk": 7, "fields": {"name": "Swift", "icon": 16, "order": 6}}, {"model": "portfolio.skill", "pk": 8, "fields": {"name": "Kotlin", "icon": 8, "order": 7}}, {"model": "portfolio.skill", "pk": 9, "fields": {"name": "Bootstrap", "icon": 3, "order": 20}}, {"model": "portfolio.skill", "pk": 10, "fields": {"name": "TailwindCSS", "icon": 17, "order": 21}}, {"model": "portfolio.skill", "pk": 11, "fields": {"name": "Django", "icon": 4, "order": 23}}, {"model": "portfolio.skill", "pk": 12, "fields": {"name": "SwiftUI", "icon": null, "order": 41}}, {"model": "portfolio.skill", "pk": 13, "fields": {"name": "Jetpack compose", "icon": null, "order": 50}}, {"model": "portfolio.skill", "pk": 14, "fields": {"name": "SQL", "icon": 24, "order": 60}}, {"model": "portfolio.skill", "pk": 15, "fields": {"name": "MariaDB", "icon": 9, "order": 62}}, {"model": "portfolio.skill", "pk": 16, "fields": {"name": "MySQL", "icon": 10, "order": 61}}, {"model": "portfolio.skill", "pk": 17, "fields": {"name": "PostgreSQL", "icon": 13, "order": 63}}, {"model": "portfolio.skill", "pk": 18, "fields": {"name": "Git", "icon": 6, "order": 70}}, {"model": "portfolio.skill", "pk": 19, "fields": {"name": "GitHub", "icon": 20, "order": 71}}, {"model": "portfolio.skill", "pk": 20, "fields": {"name": "PyCharm", "icon": 26, "order": 81}}, {"model": "portfolio.skill", "pk": 21, "fields": {"name": "PhpStorm", "icon": 25, "order": 82}}, {"model": "portfolio.skill", "pk": 22, "fields": {"name": "VScode", "icon": 27, "order": 80}}, {"model": "portfolio.skill", "pk": 23, "fields": {"name": "Xcode", "icon": 28, "order": 83}}, {"model": "portfolio.skill", "pk": 24, "fields": {"name": "Android Studio", "icon": 29, "order": 84}}, {"model": "portfolio.skill", "pk": 25, "fields": {"name": "Figma", "icon": 5, "order": 90}}, {"model": "portfolio.skill", "pk": 26, "fields": {"name": "Wordpress", "icon": 18, "order": 33}}, {"model": "portfolio.skill", "pk": 27, "fields": {"name": "MacOS", "icon": 30, "order": 100}}, {"model": "portfolio.skill", "pk": 28, "fields": {"name": "GNU/Linux", "icon": 31, "order": 101}}, {"model": "portfolio.skill", "pk": 29, "fields": {"name": "Npm", "icon": 11, "order": 31}}, {"model": "portfolio.skill", "pk": 30, "fields": {"name": "CoreData", "icon": null, "order": 42}}, {"model": "portfolio.skill", "pk": 31, "fields": {"name": "CoreGraphics", "icon": null, "order": 49}}, {"model": "portfolio.skill", "pk": 32, "fields": {"name": "CreateML", "icon": null, "order": 46}}, {"model": "portfolio.skill", "pk": 33, "fields": {"name": "CoreML", "icon": null, "order": 47}}, {"model": "portfolio.skill", "pk": 34, "fields": {"name": "Push Notifications", "icon": null, "order": 45}}, {"model": "portfolio.skill", "pk": 35, "fields": {"name": "StoreKit", "icon": null, "order": 48}}, {"model": "portfolio.skill", "pk": 36, "fields": {"name": "UIKit", "icon": null, "order": 40}}, {"model": "portfolio.skill", "pk": 37, "fields": {"name": "MapKit", "icon": null, "order": 43}}, {"model": "portfolio.skill", "pk": 38, "fields": {"name": "CoreLocation", "icon": null, "order": 44}}, {"model": "portfolio.skill", "pk": 40, "fields": {"name": "Node.js", "icon": 32, "order": 30}}, {"model": "portfolio.skill", "pk": 41, "fields": {"name": "React", "icon": 33, "order": 22}}, {"model": "portfolio.skill", "pk": 42, "fields": {"name": "GitLab", "icon": 23, "order": 72}}, {"model": "portfolio.skill", "pk": 43, "fields": {"name": "Trello", "icon": 34, "order": 91}}, {"model": "portfolio.portfoliolink", "pk": 1, "fields": {"name": "LinkedIn", "icon": 21, "link": "https://www.linkedin.com/in/floretcl", "order": 2}}, {"model": "portfolio.portfoliolink", "pk": 2, "fields": {"name": "GitHub", "icon": 20, "link": "https://github.com/floretcl", "order": 1}}, {"model": "portfolio.portfoliolink", "pk": 3, "fields": {"name": "Email", "icon": 22, "link": "clement.floret@icloud.com", "order": 3}}, {"model": "portfolio.portfolio", "pk": 1, "fields": {"name": "Web and Mobile developer portfolio", "name_fr": "Portfolio développeur web et mobile", "firstname": "Clément", "lastname": "Floret", "job_title": "Web and Mobile Developer", "job_title_fr": "Développeur Web et Mobile", "contact_email": "clement.floret@icloud.com", "about_description": "After several years in the industrial sector, I decided to change careers and pursue my passion for IT, particularly development. To make my project a success, I undertook training and obtained the RNCP title of Web and Mobile Web Developer. Today, I am seeking to apply my skills as an application developer.", "about_description_fr": "Après plusieurs années dans le secteur industriel, j’ai entamé une reconversion afin de me tourner vers ma passion : l’informatique et particulièrement le développement. Pour mener à bien mon projet, je me suis formé et j’ai obtenu le titre RNCP de Développeur web et web mobile. Je souhaite aujourd’hui mettre à profit mes compétences et évoluer en tant que développeur d’applications.", "avatar": "uploads/avatar/avatar.webp", "resume": "uploads/resume/CV_CLEMENT_FLORET.pdf", "active": true, "about_skill": [1, 2, 3, 4, 5, 6, 7, 8, 9, 10, 11, 12, 13, 14, 15, 16, 17, 18, 19, 20, 21, 22, 23, 24, 25, 26, 27, 28, 29], "about_link": [2, 1, 3]}}, {"model": "portfolio.projecttype", "pk": 1, "fields": {"name": "Web", "name_fr": "Web"}}, {"model": "portfolio.projecttype", "pk": 2, "fields": {"name": "Mobile", "name_fr": "Mobile"}}, {"model": "portfolio.project", "pk": 1, "fields": {"name": "Garage V.Parrot", "name_fr": "Garage V.Parrot", "description": "Showcase web application for the V.Parrot automobile garage.", "description_fr": "Application web vitrine pour le Garage automobile V.Parrot.", "project_type": 1, "order": 1, "skill": [1, 2, 4, 6, 10, 11, 15, 18, 19, 20, 25, 29]}}, {"model": "portfolio.project", "pk": 2, "fields": {"name": "KGB mission management", "name_fr": "Gestion des missions du KGB", "description": "KGB mission management web application", "description_fr": "Application web de gestion des missions du KGB", "project_type": 1, "order": 2, "skill": [1, 2, 4, 5, 9, 14, 15, 18, 19, 21]}}, {"model": "portfolio.project", "pk": 3, "fields": {"name": "Movie theater complex", "name_fr": "Complexe de cinéma", "description": "Movie theater complex database", "description_fr": "Base de donnée d'un complexe de cinéma", "project_type": 1, "order": 3, "skill": [14, 17, 18, 19]}}, {"model": "portfolio.project", "pk": 4, "fields": {"name": "TravelVibe: travel agency", "name_fr": "TravelVibe : agence de voyage", "description": "Creation of a WordPress showcase website for TravelVibe,  a travel agency", "description_fr": "Conception d'un site web vitrine wordpress pour une agence de voyage", "project_type": 1, "order": 4, "skill": [2, 18, 19, 25, 26]}}, {"model": "portfolio.project", "pk": 5, "fields": {"name": "Clipboard design", "name_fr": "Maquettes Clipboard", "description": "Designing mockups and a prototype for the showcase website of the Clipboard application", "description_fr": "Conception de maquettes et d'un prototype pour le site web vitrine de l'application Clipboard", "project_type": 1, "order": 5, "skill": [25]}}, {"model": "portfolio.project", "pk": 6, "fields": {"name": "DiceGame", "name_fr": "Jeu de dé", "description": "Development of a dice game in JavaScript", "description_fr": "Développement d'un jeu de dé en javascript", "project_type": 1, "order": 6, "skill": [1, 2, 4, 10, 18, 19, 22]}}, {"model": "portfolio.project", "pk": 7, "fields": {"name": "Roue Libre", "name_fr": "Roue Libre", "description": "Designing a website for the Roue Libre association", "description_fr": "Conception d'un site web pour l'association Roue Libre", "project_type": 1, "order": 7, "skill": [1, 2, 3, 4, 9, 18, 19, 22]}}, {"model": "portfolio.project", "pk": 8, "fields": {"name": "StationF Homepage", "name_fr": "Page d'accueil de StationF", "description": "Replication of the homepage from the StationF website", "description_fr": "Reproduction de la page d'accueil du site web de StationF", "project_type": 1, "order": 8, "skill": [1, 2, 18, 19, 22]}}, {"model": "portfolio.project", "pk": 9, "fields": {"name": "Kana Torii website", "name_fr": "Site web de KanaTorii", "description": "Official website of the Kana Torii application", "description_fr": "Site web officiel de l'application Kana Torii", "project_type": 1, "order": 9, "skill": [1, 2, 9]}}, {"model": "portfolio.project", "pk": 10, "fields": {"name": "Kana Torii : iOS app", "name_fr": "Kana Torii : app iOS", "description": "This application allows beginners in learning Japanese to learn how to read and write Hiragana and Katakana.", "description_fr": "Cette application permet aux débutants dans l'apprentissage du Japonais d'apprendre à lire et écrire les Hiragana et Katakana", "project_type": 2, "order": 10, "skill": [7, 12, 30, 31, 32, 33, 34, 35]}}, {"model": "portfolio.project", "pk": 11, "fields": {"name": "Kana Torii v1 : iOS app", "name_fr": "Kana Torii v1 : app iOS", "description": "First version of the app, created with UIKit. This application allows beginners in learning Japanese to learn how to read and write Hiragana and Katakana", "description_fr": "Première version de l'application, crée avec UIKit. Cette application permet aux débutants dans l'apprentissage du Japonais d'apprendre à lire et écrire les Hiragana et Katakana", "project_type": 2, "order": 13, "skill": [7, 30, 31, 32, 33, 35, 36]}}, {"model": "portfolio.project", "pk": 12, "fields": {"name": "Traveller : iOS app", "name_fr": "Traveller : app iOS", "description": "This application is a utility for travelers that offers various tools based on the destination: time and time zone, weather, translation, currency converter.", "description_fr": "Cette application est un utilitaire pour le voyageur qui propose différents outils selon la destination : heure et décalage horaire, météo, traduction, convertisseur de devises.", "project_type": 2, "order": 11, "skill": [7, 12, 30, 37, 38]}}, {"model": "portfolio.project", "pk": 13, "fields": {"name": "TodoList : iOS app", "name_fr": "TodoList : app iOS", "description": "This application is a simple task manager.", "description_fr": "Cette application est un gestionnaire de tâches simple.", "project_type": 2, "order": 12, "skill": [7, 12, 30, 34]}}, {"model": "portfolio.projectlink", "pk": 1, "fields": {"name": "GitHub", "icon": 20, "url": "https://github.com/floretcl/ECF-TP-DWWM-Garage-02-06-2023", "project": 1, "order": 2}}, {"model": "portfolio.projectlink", "pk": 2, "fields": {"name": "Website", "icon": null, "url": "https://garage-vparrot.clementfloret.dev", "project": 1, "order": 1}}, {"model": "portfolio.projectlink", "pk": 3, "fields": {"name": "Figma", "icon": 5, "url": "https://www.figma.com/design/5AxYvgXovBbeH9OQWJWqwm/Garage-VParrot?node-id=89%3A330&t=vxEtfNeIqruOlGvR-1", "project": 1, "order": 3}}, {"model": "portfolio.projectlink", "pk": 4, "fields": {"name": "GitHub", "icon": 20, "url": "https://github.com/floretcl/Eval6-Studi-Application-web-12-08-2023", "project": 2, "order": 2}}, {"model": "portfolio.projectlink", "pk": 5, "fields": {"name": "GitHub", "icon": 20, "url": "https://github.com/floretcl/Eval5-Creer-administrer-BDD-cinema-01-08-2023", "project": 3, "order": 1}}, {"model": "portfolio.projectlink", "pk": 6, "fields": {"name": "TravelVibe-GitHub", "icon": 20, "url": "https://github.com/floretcl/Eval4-Site-Web-CMS-Wordpress-07-04-2023", "project": 4, "order": 2}}, {"model": "portfolio.projectlink", "pk": 7, "fields": {"name": "TravelVibe-Website", "icon": null, "url": "https://travelvibe.clementfloret.dev", "project": 4, "order": 1}}, {"model": "portfolio.projectlink", "pk": 8, "fields": {"name": "GitHub", "icon": 20, "url": "https://github.com/floretcl/Eval3-Studi-Maquette-App-Web-08-03-2023", "project": 5, "order": 1}}, {"model": "portfolio.projectlink", "pk": 9, "fields": {"name": "Figma", "icon": 5, "url": "https://www.figma.com/design/D5APyOWWYs4FGV0CCMdJ6Z/ClipBoard?node-id=49%3A103&t=3hIMJpvoOevuK2u0-1", "project": 5, "order": 2}}, {"model": "portfolio.projectlink", "pk": 10, "fields": {"name": "Figma", "icon": 5, "url": "https://www.figma.com/design/F9gYnVqfE6VabOCeOM8LWl/TravelVibe?node-id=0%3A1&t=53lP8kUEp5n1iqp8-1", "project": 4, "order": 3}}, {"model": "portfolio.projectlink", "pk": 11, "fields": {"name": "GitHub", "icon": 20, "url": "https://github.com/floretcl/Eval2-Studi-Dynamiser-Sites-Javascript-23-01-2023", "project": 6, "order": 2}}, {"model": "portfolio.projectlink", "pk": 12, "fields": {"name": "Website", "icon": null, "url": "https://dicegame-floretcl.netlify.app", "project": 6, "order": 1}}, {"model": "portfolio.projectlink", "pk": 13, "fields": {"name": "GitHub", "icon": 20, "url": "https://github.com/floretcl/Eval1-Studi-Html-Css-Bootstrap-08-01-2023", "project": 7, "order": 2}}, {"model": "portfolio.projectlink", "pk": 14, "fields": {"name": "Website", "icon": null, "url": "https://rouelibre-floretcl.netlify.app/", "project": 7, "order": 1}}, {"model": "portfolio.projectlink", "pk": 15, "fields": {"name": "GitHub", "icon": 20, "url": "https://github.com/floretcl/Recode-StationF-Homepage-29-11-2022", "project": 8, "order": 2}}, {"model": "portfolio.projectlink", "pk": 16, "fields": {"name": "Website", "icon": null, "url": "https://recode-stationf.netlify.app", "project": 8, "order": 1}}, {"model": "portfolio.projectlink", "pk": 17, "fields": {"name": "GitHub", "icon": 20, "url": "https://github.com/floretcl/kanatorii-website", "project": 9, "order": 2}}, {"model": "portfolio.projectlink", "pk": 18, "fields": {"name": "Website", "icon": null, "url": "https://kanatorii-website.netlify.app", "project": 9, "order": 1}}, {"model": "portfolio.projectlink", "pk": 19, "fields": {"name": "GitHub", "icon": 20, "url": "https://github.com/floretcl/KanaTorii", "project": 10, "order": 2}}, {"model": "portfolio.projectlink", "pk": 20, "fields": {"name": "GitHub", "icon": 20, "url": "https://github.com/floretcl/Kana-Torii-UIKit", "project": 11, "order": 2}}, {"model": "portfolio.projectlink", "pk": 21, "fields": {"name": "GitHub", "icon": 20, "url": "https://github.com/floretcl/Traveller", "project": 12, "order": 2}}, {"model": "portfolio.projectlink", "pk": 22, "fields": {"name": "GitHub", "icon": 20, "url": "https://github.com/floretcl/TodoList", "project": 13, "order": 2}}]